Paper ID (LastNameFirstAuthor_Year_FirstWordTitle),Source,Behavior,Group,Physical Environment,Condition,Social Environment,Discussion/ what is relevant from this paper to our model? (ideally quantitave factors),Details (more qualitative description),Unnamed: 9,Unnamed: 10,Unnamed: 11
,,Increased violence,Large,LA,Extreme heat,Urban,,,,,
,,Mutiny,Small,Skylab,Space,Astronaut team,,,,,
Bishop_2009_FMARS,https://www2.hawaii.edu/~binsted/papers/FMARS2007_StressandcopinginanarcticMarssimulation.pdf,Gender differences in stress coping,Small,FMARS Crew 11,Space analog,7 personnel,"100 days, operated on ""sol"" time","Stress increased for males while decreasing for females. Males consistently used more avoidant coping while females utilized task coping and social emotional coping. Males also demonstrated higher levels of excitement, tiredness, and loneliness.",,,
Binsted_2010_Human,https://www.sciencedirect.com/science/article/abs/pii/S0032063310000747,Crew-ground communication and collaboration,Small,FMARS Crew 11,Space analog,7 personnel,,,,,
,https://en.wikipedia.org/wiki/MARS-500#cite_note-34,Sleep problems and circadian rythm problems,Small,Mars-500,Space analog,6 personnel,"An important focus of the Mars-500 research has been the early diagnosis of “adverse personal dynamics” which would affect cooperation among the crew, as well as the development of methods to overcome such issues. 3 experiments of 14, 105 and 520 days each; only one woman in the first experiment, to remove sexual tensions.","Researchers decided that any sort of psychological support on future missions would need to be tailored to each individual crew member, not just to the group as a whole or to subgroups belonging to different space agencies. Mars-500 also found that most psychological issues were exacerbated by isolation and a lack of stimulus, emphasizing the need to prevent sensory deprivation and boredom.","No interpersonal conflicts were noted, nor were any situations that would require interrupting or delaying any aspect of the project.[34] The difficulties encountered during the performance of some complicated activities were overcome by the crew together. Cultural differences and language difficulties did not bear any significant influence. Friendly and constructive communication is said to have prevailed throughout the experiment. The crew spent time together, watching films in different languages, and used such recreational activities as an opportunity to discuss the films and interact socially.","The crew prepared surprises for birthdays, major state holidays, and informal holidays (on 31 October, they celebrated Halloween). Some crew members increased the time spent on individual activities, which did not hamper communication or interaction. No language, social, or cultural barriers were observed, and the mission commander exercised his authority as both a formal and informal leader.","Later in the experiment, the crew spent more time in bed or engaged in personal activity. The crew's overall activity levels plummeted in the first three months, and continued to fall for the next year. On their return journey, they spent 700 hours more in bed than on the outward journey. Four of the members suffered from sleep and psychological issues. One crew member slept very badly, suffered chronic sleep deprivation, and accounted for the majority of mistakes made on a computer test used to measure concentration and alertness"
,,,,HI-SEAS VI,Space analog,,,,,,
Kanas_2000_Interpersonal,https://pubmed.ncbi.nlm.nih.gov/10993303/,3rd quarter phenomenon,,,,,,,,,
Kanas_2001_Crewmember,https://pubmed.ncbi.nlm.nih.gov/11346012/,salutogenesis,,,,,,,,,
Kanas_2007_Crewmember,https://pubmed.ncbi.nlm.nih.gov/17571662/,groupthink,,,,,,,,,
,,gravitational effects unknown!,,,,,,,,,
,,!cetacean captivity akin to the boredom of long space flights,,,,,,,,,
,,asthenization,,,,,,,,,
Parkes_1998_Pyschosocial,https://www.jstor.org/stable/40966785,"psychosocial aspects of stress, health, and safety",Large,Offshore Northsea Installations,Oil Rig Type,,"Evidence suggests that the health, performance, and  sleep patterns of offshore shift workers are impaired relative to those of dayshift personnel; patterns of shift rotation are also important. Drill crews are exposed to particularly demanding conditions, usually working a 0000-1200 and 1200-2400 shift rotation pattern rather than the more favorable 0600-1800 and 1800-0600 schedule. Drilling is physically and mentally demanding, and often carried out in a noisy and cold en-vironment. In all these respects, the work situation of this occupational group could be improved, and would merit research attention. An analysis of 790 medical evacuations due to illness (based on 1976 - 1984 data from the UK sector) showed that the most frequent cause was disorders of the digestive system (about half of which were dental problems) (30%), followed by musculoskeletal (20%), respiratory (15%), nervous system (12%), mental, including stress related problems (5%), and cardiovascular (5%) problems; the remaining 13% was accounted for by a range of other disorders."," In recent years, the North Sea oil and gas industry has been exposed to widespread change, including organizational  restructuring, ""down-sizing"", and increased safety regulation. This article reviews the literature on psychosocial  stress, health, and safety among offshore personnel in the light of these developments. Few studies directly  compare onshore and offshore populations; the available data suggest that, relative to their onshore counterparts,  offshore personnel experience greater anxiety, more sleep problems, and higher work load. Within the offshore  population, objective factors (eg, size, age, type of installation, work patterns, and occupational differences),  subjective work perceptions, individual differences (age and personality), and health behavior, all play significant  roles in relation to health and safety outcomes.",,,
,,,,,HERA program,,,,,,
Mette_2017_Its,https://occup-med.biomedcentral.com/articles/10.1186/s12995-017-0179-0#Sec1,exploring offshore employee's working conditions,Small,Offshore wind platform,Offshore platform,42 personnel,"Forty-two semi-structured telephone interviews with German offshore employees (n = 21) and offshore
experts (n = 21) were conducted. Employees and experts were interviewed with regard to their perceptions of their working conditions offshore. In addition, employees were asked to identify areas with potential need for improvement. The interviews were analysed in a deductive-inductive process according to Mayring’s qualitative content analysis.  Employees and experts reported various demands of offshore work, including challenging physical labour,long shifts, inactive waiting times, and recurrent absences from home. In contrast, the high personal meaning of the work, regular work schedule (14 days offshore, 14 days onshore), and strong comradeship were highlighted as job resources. Interviewees’ working conditions varied considerably, e.g. regarding their work tasks and accommodations. Most of the job demands were perceived in terms of the work organization and living conditions offshore. Likewise, employees expressed the majority of needs for improvement in these areas.",,,"Results from other studies also support article's finding of good social relations between offshore colleagues. For example, many workers in the offshore oil and gas industry were found to describe their colleagues as their second family, and social support was identified as a job resource with positive effects on offshore oil and gas workers’ health. Interviewees put special emphasis on job demands concerning new forms of work. Identified demands regarding the offshore accommodations (e.g. confined cabins, lack of privacy) and limited opportunities for leisure activities are in line with findings and theoretical considerations for workers in the offshore wind and oil and gas industry. Furthermore, our result that suitable catering was particularly important to the workers in our study agrees with findings from the offshore oil and gas industry.",
Sullivan-Kwantes_2001_Human,https://libkey.io/libraries/220/articles/426277039/full-text-file?utm_source=api_1365,Frostbite; decrease in manual dexterity; slower physical movement (25-30%); lower load bearing capacity (50%); reduced cognitive function,Varied; different military unit sizes,Military Units,Extreme Cold,Military Units,Military measurements in extreme cold environments would potentially provide a good amount of quantitative data if we want to incorporate this into the model. Decreases in both physical and cognitive performance would directly affect lunar mission times and equipment requirements.,,,,
Marcinkowski_2021_TheNature,https://doi.org/10.1016/j.actaastro.2021.01.004,"""four types of conflict: (1) noted discords, (2) work disagreements, (3) interpersonal tensions, and (4) interpersonal breakdowns""",small,NASA HFBP-EM,HERA program,"13 males and 7 females, ranging in age from 29 to 56 years old (M = 39.40) from a variety of backgrounds including military, engineering, and medical","concept mapping of the types of conflicts experienced in the HERA program; "" teams in ICE settings may require a more nuanced understanding of conflict than traditional typologies have provided"", e.g. describes ICE environments as more closer mirroring marital, rather than workplace, relationships",,,,
Palinkas_2021_Psychosocial,https://doi.org/10.1016/j.neubiorev.2021.03.032,"""This paper reviews our current understanding of the individual, interpersonal and organizational issues related to living and working in isolated and confined extreme (ICE) environments.""",varies,varies (but ICE),varies,varies,"Very broad summary of issues that arise in ICE environments; ""Interpersonal issues include processes of crew cohesion, tension and conflict; interpersonal relations and social support; the impact of group diversity and leadership styles on small group dynamics; and crew-mission control interactions. Organizational issues include the influence of organizational culture and mission duration on individual and group performance, crew autonomy, and managerial requirements for long duration missions.""",,,,
Corneliussen_2017_individual,https://doi.org/10.3357/AMHP.4785.2017,"""Personality findings indicated a generally well-adjusted group, above average in positive personality traits [Conscientiousness T-score = 59.4 (11.41); Agreeableness T-score = 54.4 (9.36)] and boldness. Personal values of benevolence and self-direction were highly rated. The decision when to “pick sides” and intervene during disagreements between group members was viewed as an important component of conflict resolution. There were no changes in positive/negative affect or cognitive function over the annual light/dark cycle.""",small,one-year rotation on one of two Danish military bases on Greenland,isolated military base,10 males,"""The personal values of group members appear highly compatible for living in a small group ICE environment for an extended period. Disagreements between group members impact the functioning of the entire group, particularly in regard to decisions whether to support one of the individuals or let the argument run its course. Extended training in strategies for conflict resolution are needed in planning for future long duration missions to avoid fault lines forming within the group.""",,,,
DAntoine_2023_Psychosocial,https://doi.org/10.3390/safety9030056,"""The results of the analysis [offshore oil working enivronment] showed that multiple psychosocial stressors are present in this population, such as fear of speaking up, unsatisfactory company-provided facilities, work–life interference, work status, micromanaging, gender harassment and bullying. In addition, interviews identified that production and time pressures, along with fatigue, can influence accidents and mistakes. Climate factors also cause discomfort.""",small,"Perth, Austrialia offshore oil and gas platform","Remote work, 12 hour days with no days off while offshore, typically 7 to 14 days offshore",37 participants,"""Company-provided facilities such as accommodation, food and Internet were mentioned frequently by participants. Poor accommodation has wide-ranging negative effects, such as reduced quality of sleep and resulting fatigue and the inability to disengage from work. Fatigue is linked to decreased motivation, communication, attention and recall and reduces an individual’s ability to make decisions. Furthermore, there is an increase in the tendency to make errors and perform at a reduced level. Good quality food and sleep are considered to be one of the most important factors in work programs. Providing permanent accommodation alone would significantly help to improve mental health and wellbeing as sometimes the room that workers slept in was changed frequently during their time offshore.""
","""Communication between team members is vital for a collaborative work environment. However, speaking up about workplace issues can negatively impact interpersonal communication and connectivity...Because production and cost pressures are sometimes prioritized, concerns regarding potential accidents increase. Moreover, fatigue can result in a decline in attention, particularly where there are shift rotations. A lack of trust between team members and supervisors is linked to poor interpersonal behaviors and poor communication about safety, decreasing the chance that existing organizational flaws, which may contribute to accidents, can be identified.""
",,,
Connaboy_2020_Cognitive,https://drive.google.com/file/d/1D5R1T9weQmbGrwT8E-PZsWYaPM4nF36A/view,"Individual performance during isolated, confined, and extreme environments is known to negatively impact performand in the short term. This paper reports that in the long term (5 months of ""wintering over"" in Antartica) performance marginally affected or improoved over the 5-month exposure.",small,Five month period of testing monthly for participants in coastal and inland Antartic stations. ,,"Mixed gender, 110 people, ages 26-46, assigned to either Coastal or Inland stations during consecutive Antartic winder seasons.","Took the Spaceflight Cognitive Assessment Tool for Windows (WinSCAT; ver 2.1), the Mental Health Check (MHCL), and the Perception-Action Coupling Task (PACT). Regression analysis showed significant improvement in WinSCAT Composite score, PACT Accuracy, PACT Lapses, and MHCL Positive Adaption from first month to fifth month.  Many not be indicative of long term flight, but supports Moon settlement.",Many people but over a relatively short time.,,,
Basner_2014_Psychological,https://journals.plos.org/plosone/article?id=10.1371/journal.pone.0093298,"The authors report on behavioral and psychological reactions of a multinational crew of 6 healthy males confined in a 550 m3 chamber for 520 days during the first Earth-based, high-fidelity simulated mission to Mars.",6 males,17 months in approx 25 ft cube.,,6 males,"Weekly took Beck Depression Inventory-II (BDI-II), Profile of Moods State short form (POMS), conflict questionnaire, Psycomotor Vigilance Test (PVT-8), and a series of visual analogue scales on stress and fatigue. Conflicts with Mission Control occured 5 times more than with crewmembers. Sleep/insomnia problems for 2 crewmembers.",Participants' performance improved over the long term.,,,
Alam_2023_Climate,https://link.springer.com/book/10.1007/978-3-031-28251-5,"Farming societies in a coastal state of West Bengal in India are forced to adapt there farming practices to adapt to decreasing crop yields due to extreme heat. The authors found a general trend toward crop diversification, and a move toward higher value crops.",families,"small land holdings, drying vegetation, lower crop yields due to high temperature and drought",Extreme heat,farming communities,The authors cite the importance of technology and insurance coverage in helping villagers adapt to the new harsh environment.,,,,
Kang_2019_Future,https://agupubs.onlinelibrary.wiley.com/doi/full/10.1029/2019GL083686,"Temperatures for pilgrims on the Hajj are projected to exceed 29.1 degrees C wet bulb, above the extreme danger threshold, during 3 periods  before 2100. The authors stress the need for adaptation strategies.",individuals,"2 to 3 million pilgrims, disproportionately elderly, particliate in the Hajj each year for 2 to 3 weeks in Mecca, Saudi Arabia (desert). Roughly 20-30 hours are spent outdoors  over 5 days.",Extreme heat,religous pilgrims,"Past high heat stress events are cited to infer what might happen with future extreme heat. In 1990 almost 1,500 pilgrims were killed in a stampede when heat passed the heat threshold.",,,,
Ocobock_2023_Anatomical,Human Bodies in Extreme Environments | Annual Review of Anthropology (annualreviews.org),"Adaptation, Acclimatization, Acclimation, Adaptability, Thermoregulation ",Small to Large groups. They cite numerous studies. ,"""Hot, Cold, High Altitude""","""Hot, Cold, and High Altitude"" ",Various,""" The history of studying humans in extreme conditions leaves us with a deep record to guide future research among populations in hot, cold, and high-altitude environments. This research is critically necessary, especially now in the face of climate change. As we become more aware of the biological signatures of climate change and historical trauma, we need to interrogate the significance of biological normalcy in inter- and intrapopulational comparative studies and better appreciate how human populations have adapted, acclimatized, and demonstrated resilience to their local conditions. The biological and cultural ways that these extreme-environment populations have adapted to survive and thrive in harsh conditions are incredibly informative as we explore new means to cope with a warming and increasingly unpredictable global climate. These efforts will not only give us a stronger grasp of human variation and biocultural flexibility, but also help build a tool kit that we will need to rely on as we learn to navigate our rapidly changing world.""",,,,
Smith_2017_Values,Examining personal values in extreme environment contexts: Revisiting the question of generalizability - ScienceDirect,,"Four populations:mountaineers, military personnel, Antarctic over-winterers and Mars simulation participants.","""Landbased"" Cold, mountainous, Mars (simulated) ",Varies,Team based,"""The aim of the present work was to examine the extent to which personal values, as defined by Schwartz , could be generalized between four different extreme environment groups. Although personal values have been studied in previous extreme environment work, there has been little attempt to compare values across extreme settings. Identifying similarities and differences between groups operating in different EUE and ICE environments may inform on the possibility to apply psychological results""",,,,
Leach_2016_Psychological,"Psychological factors in exceptional, extreme and torturous environments | Extreme Physiology & Medicine | Full Text (biomedcentral.com)",Goal directed behavior ,Varies,"""polar base, space station, submarine, prison, intensive care unit, isolation ward etc""","Cold, Isolation","cultural stress, psychosocial factors",,,,,
Chen_2009_Mental,https://academic.oup.com/occmed/article/59/8/545/1369850,"Association of mental health with occupational stress, coping styles and their interaction
among Chinese offshore oil platform workers",561 Chinese offshore oil platform workers,Offshore oil platform,Oil Rig Type,,"""Offshore oil platform work is widely regarded as a stressful occupation, and its workers are exposed to boththe stressors of onshore work and those relevant to the offshore workplace. The physical stressors include noise, vibration, poor lighting and ventilation, confined living and working space, adverse offshore weather conditions, long working hours and shift work. The psychosocial stressors cover job characteristics (workload, variety, clarity and control), perceived risk (e.g. fire, explosion, blow out and travelling by helicopter or ships), job insecurity, work–family interface and lack of certain  types and sources of social support.""","""A number of studies have proved that occupational stress is an important risk factor for mental illness in a wide range of occupations. Two studies by Cooper and Sutherland  found that the occupational stress was significantly and negatively related to the mental health of offshore oil workers in the North Sea of the UK sectors, while Parkes’s study revealed that anxiety was higher in offshore workers than onshore workers. Consistent results were also observed in this study. All these results indicate that occupational stress from offshore oil work might produce a negative impact on the mental health of employees; therefore, it is necessary to try to decrease and eliminate stressors in offshore oil production""",,,
Ehmann_2018_Emotionality,https://wrlc-gm.primo.exlibrisgroup.com/view/action/uresolver.do?operation=resolveService&package_service_id=22467321230004105&institutionId=4105&customerId=4100&VE=true,"Gradual decrease of emotional expression; feelings of isolation; increases in negative emotions, partcularly anger",Antarctic Researchers,Antarctic Station (Concordia and Halley VI),Extreme cold,"Close quarters, 14 at one station and 8 at the other","As part of a larger international project coordinated by the European Space Agency (ESA), the aim of our study was to use word- based content analysis for exploring and comparing the effect of time on overall and fine-grained patterns of emotionality in two different winterovering settings in the Antarctica, at Concordia and Halley VI. Within this aim, we also assessed the presence of the third-quarter phenomenon. Although we also found evidence of the “third-quarter phenom- enon”, it was present in Concordia, but not in Halley. Furthermore, it was only detectable in Emotional Valence and Negative Emotions, parti- cularly Anger, while Positive Emotions, Anxiety, and Sadness showed different patterns. These results corroborate the general opinion in the literature that the phenomenon is inconsistent (see, e.g., Sandal, Leon, & Palinkas, 2006; Hawkes & Norris, 2017). By demonstrating that Q3 may be present in one setting and may not be present in a different setting, we hope to move the emphasis from the yes/no question of whether the phenomenon exists, toward the more detailed study of the circumstances under which Q3 or any other dynamic pattern is mani- fested.","The novelty of our study is the use of word-based content analysis for exploring the emotional patterns and time-effect thereon for the first time in the history of this line of research. By this method, we were able to provide a fine-grained analysis of seven different aspects of emo- tionality (Affectivity, Positive Emotions, Negative Emotions, Emotional Valence, Anger, Anxiety, and Sadness) in two ICE samples. Such differ- ences in the emotionality patterns between the two stations may be attributed to multiple factors.
A reasonable explanation may pose the possibility that the more isolated a setting (in a possible locational sequence of ships < islands < coastal bases < deep inland bases < remote camps), the more negativity is expressed (see, e.g., Sandal, 2000; Stuster et al.,
2000).",,,
Ray_2019_Review,https://wrlc-gm.primo.exlibrisgroup.com/view/action/uresolver.do?operation=resolveService&package_service_id=22467321170004105&institutionId=4105&customerId=4100&VE=true,"Gap in our knowledge regarding how cold exposure affect more complex tasks, which have both cognitive and motor elements, that are performed in dynamic and unpredictable environments",Individuals,Cold Environments,Extreme cold,N/A - Individual studies,"Our review found that there is a limited amount of research on how to optimize training for cold environments. Our review also found that the current body of research is primarily based on findings from tasks that are biased towards motor or cognitive demands, but not both, and that most tasks studied are low in complexity. Based on these identified gaps in the literature, we discuss how concepts from the motor learning literature can inform future research to help determine the best methods for training in the cold. We also discuss how a more comprehensive understanding of the effects of cold exposure on manual performance could be developed by performing research that uses a broader range of tasks that vary based on both task complexity and the cognitive and motor demands. Research that addresses these issues could help to enhance the safety and performance of those who work in cold environments.","The first issue is that there is a gap in our knowledge re- garding how cold exposure affect more complex tasks, which have both cognitive and motor elements, that are performed in dynamic and un- predictable environments. This lack of research could lead to an un- derestimation of the effects of cold exposure because it remains unclear how the effects of cold exposure interacts with increased cognitive and sensorimotor demands of performing complex manual skills in open environments. The second issue is that there is a paucity of research that addresses how to organize training to best promote the learning, retention and transfer of trained skills to cold environments. Without research that investigates how to maximize both learning and performance, individuals may face situations where they are unable to retain trained skills once they are in their work environment or they may not be able to transfer their trained skills to dynamic and changing conditions of cold environments. Therefore, to better gauge how training will transfer to performance in cold environments it is im- perative to design studies that manipulate the variables that are known impact the retention, transfer and performance of motor skills (con- textual interference, variable practice, practice specificity effects, thermal conditions).",,,
Makinen_2007_Human,https://wrlc-gm.primo.exlibrisgroup.com/view/action/uresolver.do?operation=resolveService&package_service_id=22467320990004105&institutionId=4105&customerId=4100&VE=true,"Moderate cold exposure affects cognition negatively through the mechanisms of distraction and both positively and negatively through the mechanism of arousal (increased vigilance); especially simple cognitive tasks are adversely affected by cold, while in more complex tasks performance may even improve in mild or moderate cold.",Individuals living in high-latitude environments,Varied,Extreme cold,Varied,"With regard to performance, we observed that mod- erate cold exposure, which may occur in everyday life, affects cognition negatively through the mechanisms of distraction and both positively and negatively through the mechanism of arousal (increased vigilance). It seems that especially simple cognitive tasks are adversely affected by cold, while in more complex tasks performance may even improve in mild or moderate cold. Repeated, short cold exposures in the laboratory, causing cold habituation responses, do not markedly improve neuromuscular or cognitive performance.","Some positive effects of mod- erate cold exposure on cognition may also occur, reflected as shorter response times and improved accuracy. Postural control is im- paired in cold and probably related to cooling- related changes in sensory or neuromotor functions. It was also observed that a short ex- perimental cold acclimation period does not markedly affect performance.",,,
Ombergen_2020_White,http://mutex.gmu.edu/login?url=https://onlinelibrary.wiley.com/doi/abs/10.1113/EP088352,Negative effects on sleep and cognitive skills like piloting performance,Antarctic Expeditions,Research Station,Extreme cold,Close Quarters; Isolated,"In the past two decades, the ESA has supported a total of 36 biomedical research projects at the Concordia station in collaboration with the French and Italian polar institutes. More specifically, studies in the areas of psychology, neuroscience, sleep physiology, cardio- vascular physiology and immunology were performed. The outcomes of these studies are directly relevant for people working in ICE environments, but also help to better understand the biomedical challenges of those environments. Consequently, they can help to better prepare for human space exploration and to identify countermeasures to minimize the adverse effects of space environments on astronaut health. The aim of this review is to provide an overview of the biomedical studies that have taken place in the past two decades at the Antarctic Concordia station and to summarize the results and their implication for human spaceflight.","Perceived control has been shown to be linked to a better total recovery, an overarching dimension including success, social relaxation, somatic relaxation, general well-being and sleep quality (Nicolas et al., 2016). Furthermore, mature defence mechanisms, using problem-solving strategies, has been shown to be more beneficial than immature defence mechanisms (based on behavioural withdrawal of acting out) for coping purposes (Nicolas et al., 2016). Coping has also been shown to be influenced by the time of the year (seasonal effects), up to the extent that during winter months, winterers became more indifferent (Sandal, van de Vijver, & Smith, 2018). This sort of ‘psychological hibernation’ has been suggested to be a coping strategy in itself.",,,
Burtscher_2018_Extreme,https://na04.alma.exlibrisgroup.com/view/action/uresolver.do?operation=resolveService&package_service_id=29691845250004101&institutionId=4101&customerId=4100,"acute cold stress was shown to impair vigilance, overall mood, motor, and cognitive performance",Individual Studies,Intentional cold exposure to assess physical and psychological responses,Extreme cold,N/A - Individual Studies,"This review provides an overview of the physiological and morphological aspects of adaptive responses in these environmental stressors at the level of organs, tissues, and cells. Furthermore, adjustments existing in native people living in such extreme conditions on the earth as well as acute adaptive responses in newcomers are discussed. These insights into general adaptability of humans are complemented by outcomes of specific acclimatization/acclimation studies adding important information how to cope appropriately with extreme environmental temperatures and hypoxia.","people acutely exposed to extreme conditions may experience impaired performance, at least initially, and different mechanisms of adjustment will later on enable them to cope with cold, hot, and/or hypoxic environments. However, in certain circumstances also mal-adaptive processes may occur in both indigene and acutely exposed. Individually adjusted pre-exposure to specific (simulated) environmental conditions may turn on adaptive processes, which improves performance and provides some protection from maladaptation. Finally, potential cross-adaptive effects between different environmental stressors, e.g., development of cross tolerance for hypoxia (altitude) after prior heat acclimation, may be considered.",,,
Norris_2010_Future,https://wrlc-gm.primo.exlibrisgroup.com/view/action/uresolver.do?operation=resolveService&package_service_id=22467320880004105&institutionId=4105&customerId=4100&VE=true,affective fluctuations during the expedition which were attributed to social isolation from family and friends,Antarctic Expeditions,Research Station,Extreme cold,Close Quarters,"it has been repeatedly demonstrated that the majority of expeditioners experience positive outcomes associated with their time ‘on the ice’ despite transient (and frequently subclinical) physical, psychological, and social difficulties. Research strategies directed towards the individual experience of the expeditioner have not been able to fully account for the processes underpinning the adjustment processes that have facilitated seemingly resilient and growth outcomes. Similarly, insufficient research attention has been given to the separate phases of Antarctic employment, nor the potential interdependence between them, which may also provide further insight into these processes. To address these issues it has been argued that an approach incorporating individual, interpersonal, and organizational factors throughout the Antarctic employment experience, from pre-departure through absence, reunion, and reintegration, be adopted.","Whilst the majority of this research has emphasized negative outcomes from interference between work and family/interpersonal roles there is increasing evidence to indicate that positive effects can result (Stevens et al. 2007). In fact, some researchers have identified that positive experiences associated with interactions between work and family/interpersonal roles often outweigh the negative (Bernas & Major 2000) - not unlike the results investigating the concurrent experience of positive and negative emotions throughout the Antarctic absence period (Wood et al. 2000). Specific positive outcomes associated with interference between work and family/interpersonal roles include increased role flexibility (Hughes et al. 1992), positive psychological spillover (Piotrkowski 1979, Larson & Almeida 1999), enhanced self-esteem and self-efficacy (Grimm-Thomas & Perry-Jenkins 1994, Barnett 1999), and increased perceptions of social support (Carlson & Perrewe 1999).",,,
Guly_2012_Psychology,https://wrlc-gm.primo.exlibrisgroup.com/view/action/uresolver.do?operation=resolveService&package_service_id=22467320810004105&institutionId=4105&customerId=4100&VE=true,"Sleep issues; reduced accuracy and increased response time for congitive tasks, increased susceptibility to suggestion; depressed mood; anger and irritability; anxiety; interpersonal tension and conflict to group members and towards people not in the group",Polar Explorers,Ship; tents,Extreme cold,Close quarters,"There was no formal psychological research during the heroic age of Antarctic exploration, but a number of the doctors and non-medical personnel on the expeditions were keen observers of the psychological aspects of the expeditions and wrote about them. In this paper, I describe their understanding of the psychology of Antarctic exploration. By comparing this with current knowledge, it is clear that most of what has been found by formal study was known to the explorers of the heroic age.","Palinkas and Suedenfeld (2008) divide the psycho- logical effects into symptoms, syndromes and psychi- atric disorders. (Psychiatric disorders were common during the heroic age, and I discuss them in an accom- panying article; Guly, 2012b.) The psychological symptoms they describe are listed in Table 1. It is debatable whether the somatic symptoms of fatigue, gastrointestinal complaints, rheumatic aches and pains and headaches should be included in this list. There is, of course, an interrelation between psycho- logical and physical illness, with physical illness causing psychological stress and vice versa. This was recognized by Gazert (1927), who also described psychosomatic influences on sleeping disorders, loss of appetite, dyspepsia and cardiac extrasystoles. Psychological stress also causes people to be less tol- erant and more likely to complain of physical illness, as noted by Dr Wilson, doctor on both of Scott’s expe- ditions: ‘Little ailments are on the increase on the ship chiefly due to ennui, and want of exercise and air and light’ (Wilson, 1966: 162, diary 15.7.1902).",,,
Gatterer_2021_Practicing,https://wrlc-gm.primo.exlibrisgroup.com/view/action/uresolver.do?operation=resolveService&package_service_id=22467320800004105&institutionId=4105&customerId=4100&VE=true,"Acclimatization to cold over time, improving physical response to cold environments",Athletes participating in cold-weather sports,Outdoor athletic competitions,Extreme cold,Athletic competition,"this review summarizes the current available knowledge specifically related to the physiological impact of cold exposure, in an attempt to provide practitioners and coaches alike with practical recommendations to minimize any potential negative performance effects, mitigate health issues, and best optimize athlete preparation across various sporting disciplines. Herein, the review is split into sections which explore some of the key physiological effects of cold exposure on performance (i.e., endurance exercise capacity and explosive athletic power), potential health issues (short-term and long-term), and what is currently known with regard to best preparation or mitigation strategies considered to negate the potential negative effects of cold on performance.","We think that specific areas of interest include potential physiological gender differences, fitness status, the role of genetic predisposition to exercise performance in the cold, the value of habituation/acclimatization and personal experience to cold environments for enhanced performance, the efficacy of prophylactic pharmacological interventions and technological considerations relating to advancements in insulative clothing technology, and warm up strategies.",,,
Weiss_2004_Formation,https://wrlc-gm.primo.exlibrisgroup.com/view/action/uresolver.do?operation=resolveService&package_service_id=22467320640004105&institutionId=4105&customerId=4100&VE=true,Exclusive affinity (constant and exclusive relationships) does not indicate successful adaptation; indifferent participants who did not establish any stable relationships were quoted negatively on personal and social indicators,Antarctic Expeditions,Research Station,Extreme cold,Close Quarters; Isolated,"In order to identify the effects of situational constraints on social behavior in a small iso- lated group, a systematic daily observation was conducted during a winter-over mission in a French research station in the Antarctic. This observation corresponded to participants’ seating arrangements during meals and was supplemented by analysis of the physician’s diary. We hypothesized that social stability would be an indicator of adaptation in this con- text. Both analyses highlighted the importance of the social relationships, even if they were not described in the diary as positive. The results underline the need for a relational balance, linked to stable but not exclusive social relations. Some indicators emphasized the end of the isolation period as one critical moment (actually 1 month before the end), with an expression of homesickness and greater negativity in the diary’s descriptions of social relationships.","Even if social support does not necessarily constitute the most adaptive way of coping in isolated groups (Leon, McNally, & Ben-Porath, 1989; Palinkas, Suedfeld, & Steel, 1995; Peri, Scarlata, & Barbarito, 2000), interpersonal rela- tionships do play an essential role in such a situation. Intimate relationships may be less important than in everyday life because they are particularly significant in social support. Leon et al. also found this limited use of social support in the Arc- tic, and they interpreted this as an indicator of a positive adaptation. Too strong a relational involvement could underline subjects’ vulnerability in a crowding situ- ation, where everyone knows each other and where information can circulate very quickly. Moreover, intimate relationships tend to develop gradually and require more time to blossom (Altman & Taylor, 1973; Levinger & Snoek, 1972). As such relationships cannot satisfy the social needs of wintering people, exclusive relations do not necessarily correspond to a real adaptation. Rather, social adapta- tion is expressed through stable links associated with a set of less intimate social relationships. From this point of view, ICE also represents a small-scale society (Goffman, 1961) and reproduces the usual relational patterns found elsewhere, in spite of the absence of certain privileged links (family and love relationships).",,,
Hawkes_2019_Mood,https://wrlc-gm.primo.exlibrisgroup.com/view/action/uresolver.do?operation=resolveService&package_service_id=22467320600004105&institutionId=4105&customerId=4100&VE=true,The pattern of mood fluctuations and psychological adjustment in expeditioners is homogeneous regardless of deployment length or season,Australian Antarctic Expeditions,Research Station,Extreme cold,Close Quarters; Isolated,"The analysis was conducted on 423 expeditioner from the Australian Antarctic program between the 2005-2009 Antarctic deployment seasons. The results supported the notion that mood fluctuation patterns in expeditioners within the Australian-Antarctic programme were largely homogeneous, as a 1-class cubic latent class growth model was identified as being the optimal fit for the dataset.","The mood fluctuation pattern in the current sample was best fitted with a cubic curve, therefore suggesting that mood fluctuations in expeditioners in non-linear in nature. A visual inspection of Figs. 1 and 2 suggests that the expeditioners within the current sample experienced an increase in distress during the initial stage of deployment, followed by a decrease in distress as deployment progressed, followed by a final increase in distress in the final month of deployment, the reunion and reintegration phases.",,,
Tsoutsoubi_2021_Mortality,https://wrlc-gm.primo.exlibrisgroup.com/view/action/uresolver.do?operation=resolveService&package_service_id=22467320520004105&institutionId=4105&customerId=4100&VE=true,Circulatory mortality increases as temperature decreases and time of exposure increases; mortality increases were higher in males than in females,Individuals,Varied,Extreme cold,Varied,Studies have shown a relationship between ambient temperature and mortality rate in hot and cold environments. This effect of ambient temperature on mortality seems to be more pronounced in older people. The aim of this study is to examine the effects of thermal stress on cardiovascular mortality and the associated relative risk per degree Celsius in Greek individuals !70years old. Mortality data 1999–2012 were matched with the midday temperature. The present study found a higher circulatory mortality when ambient tempera- ture is below or above the temperature range 6 to 39C.,"The temperature thresholds revealing the lowest percentage of circulatory mortality (relative to all-cause mortality) was observed at 24  C for men and 23  C for women (Figure 1). Relative risks comparing the prevalence of circulatory deaths at these temperature thresholds against those at all other degrees Celsius are illustrated in Figure 2. Circulatory mortality in both sexes was lower in the temperature range 6 to 39C, and increased in cold (5 to 3  C) and hot (40–42  C) tem-",,,
Palinkas_2008_Psychological,https://wrlc-gm.primo.exlibrisgroup.com/view/action/uresolver.do?operation=resolveService&package_service_id=22467320470004105&institutionId=4105&customerId=4100&VE=true,"Disturbed sleep, impaired cognitive ability, negative affect, and interpersonal tension and conflict",Polar Expeditions,Research Station,Extreme cold,Close Quarters; Isolated,"Polar expeditions include treks and stays at summer camps or year-round research stations. People on such expeditions generally undergo psychological changes resulting from exposure to long periods of isolation and confinement, and the extreme physical environment. Symptoms include disturbed sleep, impaired cognitive ability, negative affect, and interpersonal tension and conflict. Seasonal occurrence of these symptoms suggests the existence of three overlapping syndromes: the winter-over syndrome, the polar T3 syndrome, and subsyndromal seasonal affective disorder. ","Improvement in select-out procedures can reduce the frequency and operational effects of psychiatric disorders and other pathogenic changes, although improvmenet of select-in procedures can improve quality of life, enhance task performance, and increase the likelihood of beneficial or salutogenic changes. ",,,
Oliver_1979_Psychological,http://mutex.gmu.edu/login?url=https://search.proquest.com/docview/302983797,"Individuals generally become more inner directed, existential, synergistic, accepting of aggression, capable of intimate contact, sociall introverted, and less paranoid, schizophrenic, and dependent as the winter progresses",Antarctic Expeditions <25 people,Research Station,Extreme cold,Close Quarters; Isolated,"Previous psychological studies at Antarctic stations emphasized the smaller groups at the South Pole Station, the need to develop psychological screening proce­ dures to screen out the unfit, and the problems resulting from extreme isolation. Little attention has been given to the larger stations which have developed into more complex communities, and even less is known about the immediate causal factors associated with symptoms of anxiety and depression. Future colonization will demand a thorough understanding of the problems attendant to the development of remote communities from very small male establishments to more complex groups.","More positive changes were found with the large group (eighty persons) at McMurdo than with the smaller South Pole groups. The presence of women may have an ameliorating effect on some potential negative changes. Group changes related to the introduction of women into isolated Antarctic communities are essentially unexplored. Re-entry into the ""real world"" was a common problem for many winter-over members. A similar ""culture shock"" will probably be experienced by persons returning from other types of remote duty (e.g., small space and oceanic communities). Consistent behavioral patterns, adjustment problems, and solutions may characterize these individuals. An understanding of re-entry problems and patterns may be useful in stimulating the adjustment process and in reveal­ ing causes that can be linked to the isolation experience.",,,
Suedfeld_2000_Antarctica,https://wrlc-gm.primo.exlibrisgroup.com/view/action/uresolver.do?operation=resolveService&package_service_id=22467320200004105&institutionId=4105&customerId=4100&VE=true,"Good psychological performance was associated with low extraversion, low assertiveness, and low dissonance between actual and ideal self; seeking social support and problem solving generally as coping mechanisms generally decreased over time",Antarctic Expeditions,Research Station,Extreme cold,Close Quarters; Isolated,"Living in Antarctica imposes some unusual restrictions as well as opportunities, and it requires psychological adaptation to extreme environmental circumstances. The thrust of previous scientific and popular literature has been to focus on the negative effects of the situation and ignore the positive ones; however, ongoing studies are bringing about a more balanced view. Having an accurate under- standing is important not only intrinsically and for appropriate application in the Antarctic itself but also in analogous extreme and unusual environments. These include extended space flight and space habitation, such as the projected voyage to Mars.

","The results are comparable with the scores usually obtained in Antarctic stations where the subjects are of Western culture. They also show that the subjects are very resistant to the stress. The sample presents a relatively stable psychological profile; some variations, however, do appear. They are linked to a change at the end of the winter that may reflect the anticipation of reentry into one’s normal milieu and way of life.",,,
Morris_2017_Task,https://wrlc-gm.primo.exlibrisgroup.com/view/action/uresolver.do?operation=resolveService&package_service_id=22467320180004105&institutionId=4105&customerId=4100&VE=true,Cognitive-related mistakes; cold injuries,Antarctic cruise leaders,"Kayaking, snorkeling, zodiac outings",Extreme cold,Cruise expedition leader with customers,"Eight experienced expedition leaders across three Antarctic cruise voyages were monitored during occupational tasks: kayaking, snorkelling and zodiac outings. Subjective cold perception and discomfort were recorded using a thermal comfort assessment and skin temperature was recorded using a portable data logger. Indoor cabin temperature and outdoor temperature with wind velocity were used as measures of environmental stress. Physical activity level and clothing insulation were estimated using previous literature.
Tour leaders experienced a 6°C (2°C wind chill) environment for an average of 6 hours each day. Leaders involved in kayaking reported feeling colder and more uncomfortable than other leaders, but zodiac leaders showed greater skin temperature cooling. Occupational experience did not predict body cooling or cold stress perception.
These findings indicate that occupational cold stress varies by activity and measurement methodology. The current study effectively used objective and subjective measures of cold-stress to identify factors which can contribute to risk in the Antarctic tourism industry. Results suggest that the type of activity may moderate risk of hypothermia, but not discomfort, potentially putting individuals at risk for cognitive related mistakes and cold injuries.","Currently, protective equipment and safety proce- dures are in place to minimise risk, but literature is missing objective and subjective measures of cold exposure to better understand the degree to which cold-stress risk persists. Results suggest that active leaders and tourists may not be at risk for hypother- mia, but do experience uncomfortable cold stress which may put them at risk for inattention-related mistakes and injuries. In addition, findings show that less active leaders may not perceive how much their body is actually cooling, putting them at risk for injury in the event of excessive wind chill.",,,
Bradbury_2002_Utter,https://wrlc-gm.primo.exlibrisgroup.com/view/action/uresolver.do?operation=resolveService&package_service_id=22467320080004105&institutionId=4105&customerId=4100&VE=true,Shift body clocks using bright light exposure; depression; irritability; insomnia; cognitive problems,20 trained researchers,Antarctic Research Station,Extreme cold,Close Quarter Environment,"In a study done at McMurdo, Palinkas found that mood and cognition declines could be reversed with low doses of thyroxine. So if over-wintering in Antarctica can cause mild psychiatric symptoms, how should staff be selected? Most countries use standard psychological tests, but these tests have not been validated. ","The biggest problem facing people over-wintering in the Antarctic is the utter isolation. There really is nowhere to turn if you need to be evacuated. No amount of home comforts will be able to remove that strong feeling of isolation. Luckily, however, for most people, Antarctica is a positive life-changing experience. ",,,
Liakos_2020_NELIOTA,https://www.aanda.org/articles/aa/full_html/2020/01/aa36709-19/aa36709-19.html,Meteorites/lunar impact data,ESA,Moon,Meteorites,,"There have been 79 lunar impact flashes observed and 30 suspected with the 1.2 m Kryoneri telescope in Greece. The masses of the meteoroids range between 0.7 g and 8 kg, and their respective sizes between 1 and 20 cm, depending on their assumed density, impact velocity, and luminous efficiency. The NELIOTA project has so far the highest detection rate and the faintest limiting magnitude for lunar impacts compared to other ongoing programs. Based on the impact frequency distribution on the Moon, we estimate that sporadic meteoroids with typical masses less than 100 g and sizes less than 5 cm enter the mesosphere of the Earth with a rate of ∼108 meteoroids h−1 and also impact Moon with a rate of ∼8 meteoroids h−1. Paper also contains data of locations, size, and temperature of lunar impact flashes and a website with associated database (https://neliota.astro.noa.gr/)","For men, risk ratios between 6 and 39  C",,,
NASA_2020_Meteoroid,https://www.nasa.gov/meteoroid-environment-office/lunar-impact-monitoring/lunar-impacts/,Meteorites/lunar impact data,NASA MEO,Moon,Meteorites,,"Candidate lunar impact observation database  from NASA Meteroid Environment Office (MEO) of 443 events going back to 2005. Data contains date, time, lunar location, region, lunar phase, and lunar illumination fraction.",,,,
Mehta_2019_Investigating,https://doi.org/10.1080/24725838.2019.1593896,Fatigue in offshore drilling workers, Interviews were conducted with 11 workers on an offshore drillship in the Gulf of Mexico,Offshore oil platform,Oil Rig Type,Close Quarters,"Background: Offshore drilling in the oil and gas industry
presents a fast-paced, hazardous work environment that can evoke states of fatigue or
tiredness. Purpose: To gain insight into the day-to-day experience and mitigation of
fatigue among workers in this industry. Methods: Interviews were conducted with eleven
offshore personnel working on an offshore rig in the Gulf of Mexico. Qualitative data
analysis of interview transcripts provided an initial code set for categorizing the data.
Results: The coding process, enhanced using visualizations, revealed some themes that
highlighted dimensions of fatigue, such as physical and cognitive aspects, in addition to
the more commonly recognized source of fatigue, namely shiftwork. These themes also
emphasized potential fatigue mitigation strategies that were either organizationally or
individually driven. Such strategies include needs for improved coordination around shift
work schedules and sleeping arrangements, and a widespread perceived obligation to work
past fatigue, despite being encouraged to report symptoms. ",peratures.,,,
Noroozi_2014_Effects,https://journals-sagepub-com.mutex.gmu.edu/doi/full/10.1177/0018720813512328,Effects of cold operating conditions on various features of human performance using the Human Error Assessment and Reduction Technique (HEART) methodology,Offshore oil and gas workers,Offshore oil and gas platforms,Extreme Cold,Close Quarters,Cold and harsh conditions may have significant effects on producing human errors due to its effect on the cognitive performances of humans,remained,,,
Vakoch_2013_psychological,https://www.nasa.gov/wp-content/uploads/2015/04/607107main_PsychologySpaceExploration-ebook.pdf?emrc=e622bc,"Astronaunt psychological health, considers multiple topics",Space group / team based ,space / settlements / ships,isolation,Close Quarters,A full book that explores numerous obstacles for astronaunts,"""Astronauts live and work in highly unusual and challenging environments where 
they must withstand multiple stressors. Their abilities to maintain positive psychological outlooks and good interpersonal relations are crucial for personal well-being and 
mission success. From the inception of the space program, psychologists, psychiatrists, 
human factors experts, and other professionals have warned that the psychological 
stressors of space should be treated as a risk factor and that the risk would increase as 
missions involved larger, more diversified crews undertaking increasingly long flights. 
Thus, they called for research leading to the development and application of effective 
countermeasures. Although psychology played a significant role at the inception of the 
space program, for many years thereafter certain areas of psychology all but disappeared ""
from NASA. Interest in psychosocial adaptation was rekindled in the mid-1990s when 
astronauts joined cosmonauts on the Russian space station Mir. NASA’s recognition 
of the field of behavioral health and its links to performance opened the door to many 
kinds of research that were formerly overlooked.",,,
Barratt_2019_psychological ,https://drive.google.com/file/d/1oHQrWTO5WxF28LbHx3JnzrPUyrqbZ0dV/view,Astornaunt flight psychology,Space group / team based ,space / ship,isolation,Close Quarters,"A full book that explores numerous obstacles for astronauts in terms of health, with particular regard to flight psychology","""The space environment does strange things, both to the workings of the human body and to the 
behavior of ordinary medical equipment. Space medicine describes the “normal person in an 
abnormal environment” and is an outgrowth of aviation medicine.""",,,
Landon_2024_GroupLiving,Frontiers | When people start getting real: The Group Living Skills Survey for extreme work environments (frontiersin.org),Group living skills in extreme environments,Team based ,The Scientific International Research In a Unique terrestrial Station (SIRIUS) analog missions occur in the NEK chamber (Nezemnyy Eksperimental’nyy Kompleks) in Moscow,isolation,Close Quarters,An analog mission that studied astronauts working together in close quarters. ,"""Group living skills (GLS), that is, being tidy and considerate of others, are an important skillset for teams who live and work together. However, this construct does not have a validated measure to enable an understanding of how group living skills influence team dynamics over time. We developed and validated a short measure of group living skills for teams living in extreme work environments.""",,,
Burles_2023_psychological,https://www.mdpi.com/2076-3425/13/11/1592,"""Neurocognitive Adaptations for Spatial Orientation and Navigation in Astronauts""",Indvidual and team based,ISS,Isolation and difficulty regarding orbit / low gravity,Close Quarters,Neurocognitive implications that arise from being on the ISS,"""Astronauts often face orientation challenges while on orbit, which can lead to operator errors in demanding spatial tasks. In this study, we investigated the impact of long-duration spaceflight on the neural processes supporting astronauts’ spatial orientation skills. Using functional magnetic resonance imaging (fMRI), we collected data from 16 astronauts six months before and two weeks after their International Space Station (ISS) missions while performing a spatial orientation task that requires generating a mental representation of one’s surroundings. During this task, astronauts exhibited a general reduction in neural activity evoked from spatial-processing brain regions after spaceflight. The neural activity evoked in the precuneus was most saliently reduced following spaceflight, along with less powerful effects observed in the angular gyrus and retrosplenial regions of the brain. Importantly, the reduction in precuneus activity we identified was not accounted for by changes in behavioral performance or changes in grey matter concentration. These findings overall show less engagement of explicitly spatial neurological processes at postflight, suggesting astronauts make use of complementary strategies to perform some spatial tasks as an adaptation to spaceflight. These preliminary findings highlight the need for developing countermeasures or procedures that minimize the detrimental effects of spaceflight on spatial cognition, especially in light of planned long-distance future missions""",,,
Pawlak_2023_Lost,https://journals.plos.org/plosone/article?id=10.1371/journal.pone.0278250,Lost time: Perception of events timeline affected by the COVID pandemic,Individual,COVID 19,Isolaion affectiing perception and sense of time and place. Paper also compares to works done with people in prisons. Ability to perform tasks is affected.,Isolation and close quarters,"Neurocognitive implications that arise from being on the ISS particulary losing sense of place and time, and the ability to perform tasks accurately.","""The need to remember when a past event occurred, is often an everyday necessity. However, placing events in a timeline is seldom accurate and although to some extent modulated by event saliency, on average we are less accurate in remembering a timeline for events happening in the distant past compared to more recent events. 277 participants took part in an online study during May 2022 in which they were asked to state the year in which a number of events took place. The events’ occurrences ranged from 2017 to 2021, with participants choosing one date from the 2016–2022 range. In addition, they completed 4 questionnaires aimed at quantifying their State Boredom; Depression, Anxiety & stress; resilience; and level of activity during the lockdown periods of the COVID pandemic. As expected, the findings showed more errors for distant events than those in 2020, but surprisingly we found a large error for estimating the timing of events that occurred in 2021 matching in the extent to those 3 to 4 years earlier. The findings show that participants were less able to recall the timeline of very recent events coinciding with COVID lockdowns. This increased error in perception of event timeline correlated positively with reported levels of depression & anxiety as well as physical and mental demands during the pandemic, but negatively correlated with measures of resilience. Although measures of boredom showed significant correlations with reported depression & anxiety and physical/mental load, they did not correlate with errors in the perception of the event timeline for 2021. The findings are consistent with poor perception of event timeline reported previously in prison inmates. It is likely that an accurate perception of an event timeline relies on a collection of life events such as birthdays, holidays, travels, etc., anchoring our experiences in the time domain, which was largely absent during COVID restrictions.""",,,
Bzdok_2022_Social,https://www.nature.com/articles/s41562-022-01453-0,Social isolation and the brain in the pandemic era,Individual and team based,COVID 19- Pandemics,Isolation and how the brain is re-wired on lack of interactions.,Isolation and relationship building,Changes in the brain that result from social isolation. How bonds between people are formed over time- implactions on team and self.,"Intense sociality has been a catalyst for human culture and civilization, and our social relationships at a personal level play a pivotal role in our health and well-being. These relationships are, however, sensitive to the time we invest in them. To understand how and why this should be, we first outline the evolutionary background in primate sociality from which our human social world has emerged. We then review defining features of that human sociality, putting forward a framework within which one can understand the consequences of mass social isolation during the COVID-19 pandemic, including mental health deterioration, stress, sleep disturbance and substance misuse. We outline recent research on the neural basis of prolonged social isolation, highlighting especially higher-order neural circuits such as the default mode network. Our survey of studies covers the negative effects of prolonged social deprivation and the multifaceted drivers of day-to-day pandemic experiences.",,,
Dunbar_2010_Bondedness,https://brill.com/view/journals/beh/147/7/article-p775_1.xml,Bondedness and sociality,Team based ,Group behavior,Qualitative analysis of bonds between people and groups.,Relationship building,"How to measure quality of bonds, and how these translate to groups/teams. ","Approaches to sociality have, in the past, focused either on group typologies or on the
functional aspects of relationships (mate choice, parental investment decisions). In contrast,
the nature of the social relationships that scale from the individual-level behavioural decisions
to the emergent properties represented by group typology has received almost no attention at
all. We argue that that there is now a need to refocus attention on the bonding processes that
give rise to social groups. However, we lack any kind of language with which to describe
or classify these operationally, in part perhaps because social bonding is emotional (and,
hence, ‘felt’). One task for the future is, therefore, to identify suitable indices that can be
used to compare the degree of bondedness between individual animals both between species
and, within species, between individual dyads in such a way as to be able to test functional
questions.",,,
Zhang_2021_WhoWill,https://www-sciencedirect-com.mutex.gmu.edu/science/article/pii/S0191886920301525,Resilience and stress,Individual (and team),Antartica,Isolation and extreme environment,Coping with Stress after ICE,Resilience as an important individual factor for coping from stress,"Resilience is positively associated with individual’s well-being and negatively with distress and is very much related to individual’s performance. In this study, resilience was found to be a mediating factor between stress and subjective well-being. Resilience helped the individuals to cope with stress and bounce-back more effectively to normal life. Consequently, screening for resilience is an important step in crew selection process. Could you this as an individual trait in the model",,,
Tu_2022_Dynamic,https://www.proquest.com/docview/2682581200?accountid=14541&parentSessionId=jtp9QD4Da0JU4EbW4R7wCavRmAdYjiECUwVHoik9MsU%3D&pq-origsite=primo&sourcetype=Scholarly%20Journals,Attention and neurobehavioral performance,Individual (but group setting),ISS,Isolation and extreme environment,"Space station, with other astronauts",How the physiological and envirnomental factors affect cognitive performance of the astranauts,"The study developed an Ensemble Prediction Model to predict vigilant attention and cognitive performance of the astronauts (in ISS) using various physiological, and environmental data. The top predictors of vigilant attention (hence cognitive performance) were: the most recent attention scores (LRM-50 score), composite stress/fatigue score, caffeine intake, total sleep missed during the most recent sleep opportunity, and environmental measurements such as, temperature, noise, and radiation dose. These parameters can be useful for our model. ",,,
Musson_2004_psychological,ResearchGate,Personality Characteristics and Trait Clusters in Final Stage Astronaut Selection,259 astronaunts,Personality Tests,Personality tests,Personality tests,"This paper deals with two psychological measures (PCI with the ""Five Factor"") that NASA used to study a group of 259 astronaunts. ","""This paper presents personality testing data from final stage applicants to the NASA astronaut program. Questions addressed include whether personality predicted final selection into the astronaut corps, whether women and men demonstrated typical gender differences in personality, and whether three characteristic clusters found in other high performance populations replicated in this group. Between 1989 and 1995, 259 final stage astronauts completed the Personal Characteristic Inventory (PCI) which assesses personality characteristics related to the broad traits of Instrumentality and Expressivity. In addition, 147 of these individuals also completed an abbreviated version of the NEO Five Factor Inventory (NEO-FFI) which assesses the ""Big Five"" traits of Neuroticism, Extraversion, Openness, Agreeableness, And Conscientiousness. Three previously identified trait clusters (Right, Wrong, and No Stuff) were found to replicate in this population. No differences were found on the PCI or on the modified NEO-FFI between applicants who were chosen to become astronauts (n = 63) and those who were not (n = 196). Men scored higher than women on competitiveness, but lower on expressivity and achievement strivings. These analyses suggest that the ""Right Stuff,"" ""Wrong Stuff"" and ""No Stuff"" clusters originally described in airline pilots and other high performance groups also exist within this population. Consistent with findings from other high performance populations, men and women tend to differ to a lesser extent than found in the general population, particularly on traits related to achievement motivation. Personality trait testing did not predict which applicants were most likely to be accepted into the astronaut corps.""",,,
Fitzgibbons_2004_Pilot,https://ntrs.nasa.gov/api/citations/20040191539/downloads/20040191539.pdf,Personality traits of pilots,93 pilots,normal environment,,,pilots have different profile of personality traits than the general population,"The study explored whether pilots are different from the general population and is there anything called ‘pilot personality’ that sets them apart from others. 93 pilots were administered NEO-PI-R personality inventory. Along with the Big-Five personality traits, the specific facets that comprises each trait were explored. It was found that pilots performed differently on the questionnaire than the general population. They scored very low on neuroticism and scored high on the ‘assertiveness’ facet of Extraversion. In relation to Agreeableness trait, they scored on high on the facet of ‘Trust’ and low on ‘Tendermindedness’. They scored high on most of the facets related to Conscientiousness, namely, Competence, dutifulness, achievement-striving and deliberation.",,,
Du_2021_Mapping,https://journals-sagepub-com.mutex.gmu.edu/doi/full/10.1177/1073191120913952,Personality traits and interpersonal interactions,General population (from Amazon's MTurk),normal environment,,Online-individuals fill out personality questionnaires,How are individual traits related to interpersonal interactions,"The study aimed at exploring how the big five personality traits (and associated facets) are related to interpersonal interactions.  To this end, the big-five personality traits were mapped on to another scale that is widely used to measure interpersonal interactions. Interpersonal profile for each personality trait was derived. It was found that all the five personality traits have implications for social interactions. Although, each trait can be described with an overall profile, there were finer nuances associated with specific facets within the trait.",,,
Hart_2006_psychological,TYPE TITLE HERE (nasa.gov),"Task load index, subjective scores",various,various,,questionnaires taken ,"""NASA-TLX is a multi-dimensional scale designed to obtain workload estimates from one or more operators while they are performing a task or immediately afterwards. The years of research that preceded subscale selection and the weighted averaging approach resulted in a tool that has proven to be reasonably easy to use and reliably sensitive to experimentally important manipulations over the past 20 years. Its use has spread far beyond its original application (aviation), focus (crew complement), and language (English). This survey of 550 studies in which NASA-TLX was used or reviewed was undertaken to provide a resource for a new generation of users. The goal was to summarize the environments in which it has been applied, the types of activities the raters performed, other variables that were measured that did (or did not) covary, methodological issues, and lessons learned""",,,,
Hart_1988_psychological,https://humansystems.arc.nasa.gov/groups/TLX/downloads/Hart_Staveland_ORIGINAL_1.pdf,"Task load index, subjective ",various,varous,,questionnaires taken ,"""The results of a multi-year research program to identify the factors associated with variations in subjective workload within and between different types of tasks are reviewed. Subjective evaluations of 10 workload-related factors were obtained from 16 different experiments. The experimental tasks included simple cognitive and manual control tasks, complex laboratory and supervisory control tasks, and aircraft simulation. Task-, behavior-, and subject-related correlates of subjective workload experiences varied as a function of difficulty manipulations within experiments, different sources of workload between experiments, and individual differences in workload definition. A multi-dimensional rating scale is proposed in which information about the magnitude and sources of six workload-related factors are combined to derive a sensitive and reliable estimate of workload.""",,,,
Lugg_1994_Antartica,https://link.springer.com/chapter/10.1007/978-3-642-78711-9_15#citeas,Antartica as comprable to space,Evironment,Antartica,Isolation and extreme environment,Isolation,"Antarctica is unique in that humans only began living there at the beginning of the twentieth century, and are still transient visitors with no “permanent civilization” present in the accepted sense. Those in the early Antarctic groups saw parallels between Antarctica and space. Such is reflected in an entry in Edward Wilson’s diary for the 22 May, 1902 (Wilson 1966):

“It was a wonderful night … Sounds carried an immense distance. The stillness was almost uncanny. One could imagine oneself in another dead planet. I could easily imagine we were standing not on the Earth but on the Moon’s surface. Everything was so still and dead and cold and unearthly.”",,,,
Fiske_2004_Four,https://ebookcentral-proquest-com.mutex.gmu.edu/lib/GMU/reader.action?docID=330575&ppg=285&pq-origsite=primo,Interpersonal behavior and cognition,general populatoin - groups,normal environment,,interpersonal situations,It discusses the four models of interpersonal interactions that can be useful to encode encode in our astronauts/agents,"Human behaviro is explained using Relational Models Theory, which proposes four differnent ways that group interactions are based on. Communal Sharing (CS): people contribure what they can and take what they need. no rules on how much the contributions are how much one can take. Authority Ranking(AR): an authority figure decides who does what and how much each one can take in return. Equality Matching(EM): each member contributes and benefits equally. Market Price(MP): the ineraction/transaction is based on market value, cost-benefit analysis and supply/demand kind of concepts. It works on more abstract principles compared to other three models.",,,
Curik_2023_Psychological,https://historyofyesterday.com/the-soviet-cosmonaut-left-stranded-in-space-for-over-300-days/,"isolation, Stranded in space for over 300 days",alone,space station,isolation,,Website tells the story of a soviet cosmonaunt left stranded in space for over 300 days,,,,
Pagnini_2023_Psychological,Human behavior and performance in deep space exploration: next challenges and research gaps | npj Microgravity (nature.com),human behavior on deep space missions,group,deep space,challenges,group,,,,,
Landon_2024_psychological_1,https://drive.google.com/file/d/1vpTsQaRqLGFd0-cp4h0UXs7kUiZt-4nO/view?usp=drive_link,Psychology and Human Performance in Space Programs,differs,differs,differs,differs,Part 1 of a large book on various psychological aspects to being an Astronaunt,,,,
Landon_2024_psychological_2,https://drive.google.com/file/d/1nowmAzLqVQGp_m8T_sLmnByEkDfikj_5/view?usp=drive_link,Psychology and Human Performance in Space Programs,differs,difers,differs,differs,Part 2 of a large book on various psychological aspects to being an Astronaunt,,,,
Mittelstädt_2016_Psychological,https://pubmed.ncbi.nlm.nih.gov/27779952/,"Psychometric Personality Differences Between 
Candidates in Astronaut Selection",Individual ,testing,tests,group,"""This paper investigates personality traits as potential factors for success in an astronaut selection by comparing 
personality profiles of unsuccessful and successful astronaut candidates in different phases of the ESA selection 
procedure. It is further addressed whether personality traits could predict an overall assessment rating at the end of the selection""",,,,
Goemaere _2018_Psychological,https://www.sciencedirect.com/science/article/abs/pii/S0094576518305265?via%3Dihub,"Do astronauts benefit from autonomy? Investigating perceived autonomy-supportive communication by Mission Support, crew motivation and collaboration during HI-SEAS 1",indvidual and group focus,Space stations,Space,group,"Do astronauts benefit from autonomy? Investigating perceived autonomy-supportive communication by Mission Support, crew motivation and collaboration during HI-SEAS 1",,,,
Ushakov_2014_Psychological,https://link.springer.com/article/10.1134/S1019331614020063,Mars 500 analog settlement test,group,analog Mars,mission stressors,group,"The Mars 500 international experiment has provided, within a relatively short time period, a large amount of unique research data on the complex effects of interplanetary spaceflight factors (such as isolation, communication delay, international crew, and landing on another planet as a culminating event of the mission) on the behavior and activities of an isolated small group. The resulting patterns necessitate changes in the recruitment, training, and medical and psychological support of the future crew of a manned interplanetary mission.",,,,
Jones_2022_Psychological,https://pubmed.ncbi.nlm.nih.gov/35023565/,Seep Deficiency,individual ,spaceflight,sleep deficiency,group,"Astronauts are required to maintain optimal neurobehavioral functioning despite chronic exposure to the stressors and challenges of spaceflight. Sleep of adequate quality and duration is fundamental to neurobehavioral functioning, however astronauts commonly experience short sleep durations in spaceflight (<6 h). As humans embark on long-duration space exploration missions, there is an outstanding need to identify the consequences of sleep deficiency in spaceflight on neurobehavioral functions. Therefore, we conducted a longitudinal study that examined the sleep-wake behaviors, neurobehavioral functions, and ratings of stress and workload of N = 24 astronauts before, during, and after 6-month missions aboard the International Space Station (ISS). The computerized, Reaction SelfTest (RST), gathered astronaut report of sleep-wake behaviors, stress, workload, and somatic behavioral states; the RST also objectively assessed vigilant attention (i.e. Psychomotor Vigilance Test-Brief). Data collection began 180 days before launch, continued every 4 days in-flight aboard the ISS, and up to 90 days post-landing, which produced N = 2,856 RSTs. Consistent with previous ISS studies, astronauts reported sleeping ~6.5 h in-flight. The adverse consequences of short sleep were observed across neurobehavioral functions, where sleep durations <6 h were associated with significant reductions in psychomotor response speed, elevated stress, and higher workload. Sleep durations <5 h were associated with elevated negative somatic behavioral states. Furthermore, longer sleep durations had beneficial effects on astronaut neurobehavioral functions. Taken together, our findings highlight the importance of sleep for the maintenance of neurobehavioral functioning and as with humans on Earth, astronauts would likely benefit from interventions that promote sleep duration and quality.",,,,
Vinokhodova_2023_Crew,https://www.proquest.com/docview/2856748618?accountid=14541&parentSessionId=Q35m%2BNo9Gg3ehPUO0fo4W%2Bn1O2E7D9MuM24B77Ya7Lg%3D&pq,crew interaction in space,cosmonauts/astronauts on ISS,space - ISS,"isolated, small groups in space",small groups - rotating periodically,Interpersonal perceptions that can influence crew dynamics,"The study explored psycho-semantic distance (psychological similarities) between astronauts and its possible effect on group dynamics. It also explored how common cultural background and/or shared experiences can affect one’s identity and closeness with the group. It was found that increasing distance between one's ideal self and one's real-self and increasing distance between one's real self and the crew's perception of the individual can negatively affect crew dynamics and crew interation with MCC. Also, trainining together gives the crew members a sense of closeness to those individuals, which can be a stronger bond than shared nationality or cultural background.",,,
Wooldridge_2003_BDI,"https://wrlc-gm.primo.exlibrisgroup.com/discovery/fulldisplay?docid=cdi_proquest_ebookcentralchapters_5966405_6_38&context=PC&vid=01WRLC_GML:01WRLC_GML&lang=en&search_scope=MyInst_and_CI&adaptor=Primo%20Central&tab=Everything&query=any,contains,reasoning%20about%20rational%20agents%20the%20belief%20desire%20intention%20model&offset=20",conceptualizing behavior of a rational agent,agent-based system,virtual programable environments,,,BDI Framework for designing agent architecture,The paper conceptualizes a framework called Behavior-Desire-Intention (BDI) that allows one to design rational agents in a complex system,,,
Wagner_2006_ModelingFSM,https://www-taylorfrancis-com.mutex.gmu.edu/books/mono/10.1201/9781420013641/modeling-software-finite-state-machines-ferdinand-wagner-thomas-wagner-ruedi-schmuki-peter-wolstenholme,Modeling Framework,machine model,virtual programable environments,,,Finite State Machine is a modeling framework for simple systems,"FSM framework can be used for simple components of our model. Also, it can be useful for building more complex frameworks by linking it to other models such as GoAP.",,,
Marinescu_2015_ResearchFSM,https://www-sciencedirect-com.mutex.gmu.edu/topics/computer-science/finite-state-machine,Modeling Framework,machine model,virtual programable environments,,,Finite State Machine is a modeling framework for simple systems,"It is about the same FSM model that Wagner 2006 paper talks about, but somewhat different discussion. Paper useful to understand and implement FSM model",,,
Orkins_2003_GoAP,https://citeseerx.ist.psu.edu/document?repid=rep1&type=pdf&doi=0c35d00a015c93bac68475e8e1283b02701ff46b,Modeling Framework,machine model,virtual programable environments,,,Goal-Oriented Action Planning is a medium complexity modeling framework and possibly useful for our model,"Goal-Oriented Action Planning is a medium complexity modeling framework, which can build on FSM (or be stand alone). This can be used for simpler aspects of the project - can be used as a framework for things like rovers. Or, can be explored to see if some aspects of intelligent agents can be built on these principles.",,,
Boyd_2009_Cultural,https://www-ingentaconnectcom.mutex.gmu.edu/content/asma/asem/2009/00000080/00000006/art00004;jsessionid=oip94atkojl4.x-ic-live-03,Cultural differences in astronauts,Russian and American astronauts,Mir and ISS,space missions,astronauts from different cultural backgrounds,Differences between American and Russian astronaut experiences. Culture can be a variable we need to consider for our model,"Mir and ISS missions were compared to explore astronaut/cosmonaut experiences, also experiences of space crew vs. MCC. There were Russian vs. American social climate differences. It was also found that space crew was culturally more sophisticated than mission control. Russians showed greater language flexibility. Americans experienced higher work pressure.",,,
